Salesman,User,TimeStamp
"The Gaming Console is designed to exceed your expectations, with high-definition graphics, multiplayer capabilities as its highlight.","I'm looking for something with high-definition graphics, multiplayer capabilities. Does the Gaming Console meet that criteria?",2024-06-11 13:00:29
"With high-definition graphics, multiplayer capabilities, our Gaming Console outperforms the competition every time!",How does the Gaming Console address common issues in its category?,2024-06-11 13:00:29
"Enhance your lifestyle with our Gaming Console. Its high-definition graphics, multiplayer capabilities are unmatched!",Can you explain how the Gaming Console performs in real-world scenarios?,2024-06-11 13:00:29
"The Gaming Console is a game-changer, especially with its high-definition graphics, multiplayer capabilities.",Is the Gaming Console compatible with other devices I own?,2024-06-11 13:00:29
"Choosing our Gaming Console means enjoying high-definition graphics, multiplayer capabilities and much more!",Are there any special offers or bundles available for the Gaming Console?,2024-06-11 13:00:29
"Enhance your lifestyle with our Gaming Console. Its high-definition graphics, multiplayer capabilities are unmatched!",I'm intrigued. Could you elaborate more on that?,2024-06-11 13:00:29
"You'll be amazed by the performance of our Gaming Console, especially its high-definition graphics, multiplayer capabilities.",Are there any special offers or bundles available for the Gaming Console?,2024-06-11 13:00:29
"Experience the future with our Gaming Console, equipped with high-definition graphics, multiplayer capabilities.",Can you explain how the Gaming Console performs in real-world scenarios?,2024-06-11 13:00:29
"Don't settle for less. Upgrade to our Gaming Console for high-definition graphics, multiplayer capabilities and more!",How does the Gaming Console address common issues in its category?,2024-06-11 13:00:29
"With high-definition graphics, multiplayer capabilities, our Gaming Console outperforms the competition every time!",Are there any special offers or bundles available for the Gaming Console?,2024-06-11 13:00:29
"Experience the future with our Gaming Console, equipped with high-definition graphics, multiplayer capabilities.",Can you explain how the Gaming Console performs in real-world scenarios?,2024-06-11 13:00:29
"When it comes to E-book Reader, nothing beats our combination of e-ink display, lightweight design.",What's the price range for the E-book Reader with these features?,2024-06-11 13:00:29
"When it comes to E-book Reader, nothing beats our combination of e-ink display, lightweight design.",How does the E-book Reader compare to other options available?,2024-06-11 13:00:29
"When it comes to E-book Reader, nothing beats our combination of e-ink display, lightweight design.",Is the E-book Reader compatible with other devices I own?,2024-06-11 13:00:29
"You'll be amazed by the performance of our Gaming Console, especially its high-definition graphics, multiplayer capabilities.",How does the Gaming Console address common issues in its category?,2024-06-11 13:00:29
"You'll be amazed by the performance of our Gaming Console, especially its high-definition graphics, multiplayer capabilities.",Is the Gaming Console compatible with other devices I own?,2024-06-11 13:00:29
"The Digital Camera is designed to exceed your expectations, with high megapixel count, image stabilization as its highlight.",Interesting. What sets it apart from similar products in the market?,2024-06-11 13:00:29
"Choosing our Digital Camera means enjoying high megapixel count, image stabilization and much more!",Could you recommend accessories that complement the Digital Camera?,2024-06-11 13:00:29
"Enhance your lifestyle with our Digital Camera. Its high megapixel count, image stabilization are unmatched!",Are there any special offers or bundles available for the Digital Camera?,2024-06-11 13:00:29
"Enhance your lifestyle with our Digital Camera. Its high megapixel count, image stabilization are unmatched!",Could you recommend accessories that complement the Digital Camera?,2024-06-11 13:00:29
"Experience the future with our Smartphone, equipped with latest camera technology, long-lasting battery.",How does the Smartphone compare to other options available?,2024-06-11 13:00:29
"The Smartphone is designed to exceed your expectations, with latest camera technology, long-lasting battery as its highlight.",Can you explain how the Smartphone performs in real-world scenarios?,2024-06-11 13:00:29
"When it comes to Smartphone, nothing beats our combination of latest camera technology, long-lasting battery.",I'm curious about the Smartphone. What makes it stand out?,2024-06-11 13:00:29
"When it comes to Gaming Console, nothing beats our combination of high-definition graphics, multiplayer capabilities.","I'm looking for something with high-definition graphics, multiplayer capabilities. Does the Gaming Console meet that criteria?",2024-06-11 13:00:29
"Enhance your lifestyle with our Gaming Console. Its high-definition graphics, multiplayer capabilities are unmatched!",I'm intrigued. Could you elaborate more on that?,2024-06-11 13:00:29
"You'll be amazed by the performance of our Gaming Console, especially its high-definition graphics, multiplayer capabilities.",How does the Gaming Console compare to other options available?,2024-06-11 13:00:29
"The Gaming Console is a game-changer, especially with its high-definition graphics, multiplayer capabilities.","Could you provide some insight into the high-definition graphics, multiplayer capabilities of the Gaming Console?",2024-06-11 13:00:29
"The Gaming Console is a game-changer, especially with its high-definition graphics, multiplayer capabilities.",Are there any special offers or bundles available for the Gaming Console?,2024-06-11 13:00:29
"You'll be amazed by the performance of our Laptop, especially its lightweight design, high-performance processor.","Could you provide some insight into the lightweight design, high-performance processor of the Laptop?",2024-06-11 13:00:29
"Choosing our Laptop means enjoying lightweight design, high-performance processor and much more!",I'm curious about the Laptop. What makes it stand out?,2024-06-11 13:00:29
"Don't settle for less. Upgrade to our Headphones for noise-cancellation, immersive sound experience and more!",Interesting. What sets it apart from similar products in the market?,2024-06-11 13:00:29
"Our Headphones is top-notch, offering noise-cancellation, immersive sound experience. Customers love it!",What's the price range for the Headphones with these features?,2024-06-11 13:00:29
"Our Headphones is top-notch, offering noise-cancellation, immersive sound experience. Customers love it!",What warranty options are available for the Headphones?,2024-06-11 13:00:29
"The Smartphone is designed to exceed your expectations, with latest camera technology, long-lasting battery as its highlight.","Could you provide some insight into the latest camera technology, long-lasting battery of the Smartphone?",2024-06-11 13:00:29
"With latest camera technology, long-lasting battery, our Smartphone outperforms the competition every time!",What warranty options are available for the Smartphone?,2024-06-11 13:00:29
"The Smartphone is a game-changer, especially with its latest camera technology, long-lasting battery.",Are there any special offers or bundles available for the Smartphone?,2024-06-11 13:00:29
"Our Laptop is top-notch, offering lightweight design, high-performance processor. Customers love it!","Could you provide some insight into the lightweight design, high-performance processor of the Laptop?",2024-06-11 13:00:29
"The Laptop is designed to exceed your expectations, with lightweight design, high-performance processor as its highlight.",How does the Laptop address common issues in its category?,2024-06-11 13:00:29
"Don't settle for less. Upgrade to our Laptop for lightweight design, high-performance processor and more!",Are there any special offers or bundles available for the Laptop?,2024-06-11 13:00:29
"Our Laptop is top-notch, offering lightweight design, high-performance processor. Customers love it!",What warranty options are available for the Laptop?,2024-06-11 13:00:29
"Experience the future with our Headphones, equipped with noise-cancellation, immersive sound experience.",Interesting. What sets it apart from similar products in the market?,2024-06-11 13:00:29
"When it comes to Headphones, nothing beats our combination of noise-cancellation, immersive sound experience.",What warranty options are available for the Headphones?,2024-06-11 13:00:29
"If you're looking for noise-cancellation, immersive sound experience, our Headphones is the perfect fit!",Could you recommend accessories that complement the Headphones?,2024-06-11 13:00:29
"When it comes to Headphones, nothing beats our combination of noise-cancellation, immersive sound experience.",Is the Headphones compatible with other devices I own?,2024-06-11 13:00:29
"When it comes to Gaming Console, nothing beats our combination of high-definition graphics, multiplayer capabilities.",What warranty options are available for the Gaming Console?,2024-06-11 13:00:29
"Choosing our Gaming Console means enjoying high-definition graphics, multiplayer capabilities and much more!",Interesting. What sets it apart from similar products in the market?,2024-06-11 13:00:29
"You'll be amazed by the performance of our Gaming Console, especially its high-definition graphics, multiplayer capabilities.",Is the Gaming Console compatible with other devices I own?,2024-06-11 13:00:29
"Our Digital Camera is top-notch, offering high megapixel count, image stabilization. Customers love it!",I'm curious about the Digital Camera. What makes it stand out?,2024-06-11 13:00:29
"When it comes to Digital Camera, nothing beats our combination of high megapixel count, image stabilization.",I'm curious about the Digital Camera. What makes it stand out?,2024-06-11 13:00:29
"With high megapixel count, image stabilization, our Digital Camera outperforms the competition every time!","Could you provide some insight into the high megapixel count, image stabilization of the Digital Camera?",2024-06-11 13:00:29
"With high megapixel count, image stabilization, our Digital Camera outperforms the competition every time!",I'm intrigued. Could you elaborate more on that?,2024-06-11 13:00:29
"You'll be amazed by the performance of our E-book Reader, especially its e-ink display, lightweight design.",What's the price range for the E-book Reader with these features?,2024-06-11 13:00:29
"Experience the future with our E-book Reader, equipped with e-ink display, lightweight design.",Is the E-book Reader compatible with other devices I own?,2024-06-11 13:00:29
"With e-ink display, lightweight design, our E-book Reader outperforms the competition every time!",Are there any special offers or bundles available for the E-book Reader?,2024-06-11 13:00:29
"If you're looking for e-ink display, lightweight design, our E-book Reader is the perfect fit!","Could you provide some insight into the e-ink display, lightweight design of the E-book Reader?",2024-06-11 13:00:29
"You'll be amazed by the performance of our E-book Reader, especially its e-ink display, lightweight design.",What warranty options are available for the E-book Reader?,2024-06-11 13:00:29
"You'll be amazed by the performance of our Laptop, especially its lightweight design, high-performance processor.",How does the Laptop compare to other options available?,2024-06-11 13:00:29
"Enhance your lifestyle with our Laptop. Its lightweight design, high-performance processor are unmatched!","Could you provide some insight into the lightweight design, high-performance processor of the Laptop?",2024-06-11 13:00:29
"Choosing our Portable Speaker means enjoying crystal clear sound, long battery life and much more!",Can you explain how the Portable Speaker performs in real-world scenarios?,2024-06-11 13:00:29
"When it comes to Portable Speaker, nothing beats our combination of crystal clear sound, long battery life.",How does the Portable Speaker address common issues in its category?,2024-06-11 13:00:29
"With activity monitoring, heart rate sensor, our Fitness Tracker outperforms the competition every time!",Is the Fitness Tracker compatible with other devices I own?,2024-06-11 13:00:29
"You'll be amazed by the performance of our Fitness Tracker, especially its activity monitoring, heart rate sensor.",Could you recommend accessories that complement the Fitness Tracker?,2024-06-11 13:00:29
"With activity monitoring, heart rate sensor, our Fitness Tracker outperforms the competition every time!","Could you provide some insight into the activity monitoring, heart rate sensor of the Fitness Tracker?",2024-06-11 13:00:29
"The Fitness Tracker is a game-changer, especially with its activity monitoring, heart rate sensor.",What warranty options are available for the Fitness Tracker?,2024-06-11 13:00:29
"The Gaming Console is designed to exceed your expectations, with high-definition graphics, multiplayer capabilities as its highlight.","Could you provide some insight into the high-definition graphics, multiplayer capabilities of the Gaming Console?",2024-06-11 13:00:29
"Enhance your lifestyle with our Gaming Console. Its high-definition graphics, multiplayer capabilities are unmatched!",What warranty options are available for the Gaming Console?,2024-06-11 13:00:29
"The Digital Camera is a game-changer, especially with its high megapixel count, image stabilization.",How does the Digital Camera compare to other options available?,2024-06-11 13:00:29
"Don't settle for less. Upgrade to our Digital Camera for high megapixel count, image stabilization and more!",How does the Digital Camera address common issues in its category?,2024-06-11 13:00:29
"If you're looking for high megapixel count, image stabilization, our Digital Camera is the perfect fit!",How does the Digital Camera address common issues in its category?,2024-06-11 13:00:29
"With latest camera technology, long-lasting battery, our Smartphone outperforms the competition every time!",Could you recommend accessories that complement the Smartphone?,2024-06-11 13:00:29
"Experience the future with our Smartphone, equipped with latest camera technology, long-lasting battery.",What's the price range for the Smartphone with these features?,2024-06-11 13:00:29
"Choosing our Gaming Console means enjoying high-definition graphics, multiplayer capabilities and much more!","I'm looking for something with high-definition graphics, multiplayer capabilities. Does the Gaming Console meet that criteria?",2024-06-11 13:00:29
"With high-definition graphics, multiplayer capabilities, our Gaming Console outperforms the competition every time!","I'm looking for something with high-definition graphics, multiplayer capabilities. Does the Gaming Console meet that criteria?",2024-06-11 13:00:29
"Don't settle for less. Upgrade to our Gaming Console for high-definition graphics, multiplayer capabilities and more!","Could you provide some insight into the high-definition graphics, multiplayer capabilities of the Gaming Console?",2024-06-11 13:00:29
"When it comes to E-book Reader, nothing beats our combination of e-ink display, lightweight design.",What's the price range for the E-book Reader with these features?,2024-06-11 13:00:29
"Our E-book Reader is top-notch, offering e-ink display, lightweight design. Customers love it!",Can you explain how the E-book Reader performs in real-world scenarios?,2024-06-11 13:00:29
"Experience the future with our E-book Reader, equipped with e-ink display, lightweight design.",What's the price range for the E-book Reader with these features?,2024-06-11 13:00:29
"The E-book Reader is a game-changer, especially with its e-ink display, lightweight design.",Can you explain how the E-book Reader performs in real-world scenarios?,2024-06-11 13:00:29
"Our Laptop is top-notch, offering lightweight design, high-performance processor. Customers love it!",Are there any special offers or bundles available for the Laptop?,2024-06-11 13:00:29
"Enhance your lifestyle with our Laptop. Its lightweight design, high-performance processor are unmatched!",How does the Laptop address common issues in its category?,2024-06-11 13:00:29
"Enhance your lifestyle with our Laptop. Its lightweight design, high-performance processor are unmatched!",I'm curious about the Laptop. What makes it stand out?,2024-06-11 13:00:29
"If you're looking for lightweight design, high-performance processor, our Laptop is the perfect fit!",How does the Laptop address common issues in its category?,2024-06-11 13:00:29
"The Fitness Tracker is designed to exceed your expectations, with activity monitoring, heart rate sensor as its highlight.",What warranty options are available for the Fitness Tracker?,2024-06-11 13:00:29
"Don't settle for less. Upgrade to our Fitness Tracker for activity monitoring, heart rate sensor and more!",Interesting. What sets it apart from similar products in the market?,2024-06-11 13:00:29
"If you're looking for activity monitoring, heart rate sensor, our Fitness Tracker is the perfect fit!",Are there any special offers or bundles available for the Fitness Tracker?,2024-06-11 13:00:29
"Don't settle for less. Upgrade to our Fitness Tracker for activity monitoring, heart rate sensor and more!",What warranty options are available for the Fitness Tracker?,2024-06-11 13:00:29
"Enhance your lifestyle with our Fitness Tracker. Its activity monitoring, heart rate sensor are unmatched!",What's the price range for the Fitness Tracker with these features?,2024-06-11 13:00:29
"When it comes to Fitness Tracker, nothing beats our combination of activity monitoring, heart rate sensor.",What warranty options are available for the Fitness Tracker?,2024-06-11 13:00:29
"When it comes to Fitness Tracker, nothing beats our combination of activity monitoring, heart rate sensor.",What's the price range for the Fitness Tracker with these features?,2024-06-11 13:00:29
"The Gaming Console is designed to exceed your expectations, with high-definition graphics, multiplayer capabilities as its highlight.",Interesting. What sets it apart from similar products in the market?,2024-06-11 13:00:29
"Experience the future with our Gaming Console, equipped with high-definition graphics, multiplayer capabilities.",What's the price range for the Gaming Console with these features?,2024-06-11 13:00:29
"Enhance your lifestyle with our Laptop. Its lightweight design, high-performance processor are unmatched!",I'm curious about the Laptop. What makes it stand out?,2024-06-11 13:00:29
"Choosing our Laptop means enjoying lightweight design, high-performance processor and much more!",How does the Laptop compare to other options available?,2024-06-11 13:00:29
"With lightweight design, high-performance processor, our Laptop outperforms the competition every time!",Could you recommend accessories that complement the Laptop?,2024-06-11 13:00:29
"Don't settle for less. Upgrade to our Laptop for lightweight design, high-performance processor and more!",Could you recommend accessories that complement the Laptop?,2024-06-11 13:00:29
"Our Smartphone is top-notch, offering latest camera technology, long-lasting battery. Customers love it!",What's the price range for the Smartphone with these features?,2024-06-11 13:00:29
"You'll be amazed by the performance of our Smartphone, especially its latest camera technology, long-lasting battery.",I'm curious about the Smartphone. What makes it stand out?,2024-06-11 13:00:29
"You'll be amazed by the performance of our Smartphone, especially its latest camera technology, long-lasting battery.",Interesting. What sets it apart from similar products in the market?,2024-06-11 13:00:29
"The Smartphone is a game-changer, especially with its latest camera technology, long-lasting battery.",Can you explain how the Smartphone performs in real-world scenarios?,2024-06-11 13:00:29
"The Smartphone is designed to exceed your expectations, with latest camera technology, long-lasting battery as its highlight.",Are there any special offers or bundles available for the Smartphone?,2024-06-11 13:00:29
"Experience the future with our Smartphone, equipped with latest camera technology, long-lasting battery.",Can you explain how the Smartphone performs in real-world scenarios?,2024-06-11 13:00:29
"You'll be amazed by the performance of our Smartphone, especially its latest camera technology, long-lasting battery.",I'm intrigued. Could you elaborate more on that?,2024-06-11 13:00:29
"The Portable Speaker is a game-changer, especially with its crystal clear sound, long battery life.","I'm looking for something with crystal clear sound, long battery life. Does the Portable Speaker meet that criteria?",2024-06-11 13:00:29
"With crystal clear sound, long battery life, our Portable Speaker outperforms the competition every time!",I'm curious about the Portable Speaker. What makes it stand out?,2024-06-11 13:00:29
"Enhance your lifestyle with our Portable Speaker. Its crystal clear sound, long battery life are unmatched!",How does the Portable Speaker compare to other options available?,2024-06-11 13:00:29
"Don't settle for less. Upgrade to our Portable Speaker for crystal clear sound, long battery life and more!","I'm looking for something with crystal clear sound, long battery life. Does the Portable Speaker meet that criteria?",2024-06-11 13:00:29
"You'll be amazed by the performance of our Portable Speaker, especially its crystal clear sound, long battery life.","Could you provide some insight into the crystal clear sound, long battery life of the Portable Speaker?",2024-06-11 13:00:29
"Enhance your lifestyle with our Smartwatch. Its fitness tracking, water-resistant design are unmatched!","I'm looking for something with fitness tracking, water-resistant design. Does the Smartwatch meet that criteria?",2024-06-11 13:00:29
"Our Smartwatch is top-notch, offering fitness tracking, water-resistant design. Customers love it!","I'm looking for something with fitness tracking, water-resistant design. Does the Smartwatch meet that criteria?",2024-06-11 13:00:29
"The Smartwatch is designed to exceed your expectations, with fitness tracking, water-resistant design as its highlight.",Can you explain how the Smartwatch performs in real-world scenarios?,2024-06-11 13:00:29
"Experience the future with our Portable Speaker, equipped with crystal clear sound, long battery life.",What's the price range for the Portable Speaker with these features?,2024-06-11 13:00:29
"If you're looking for crystal clear sound, long battery life, our Portable Speaker is the perfect fit!",How does the Portable Speaker address common issues in its category?,2024-06-11 13:00:29
"Enhance your lifestyle with our Portable Speaker. Its crystal clear sound, long battery life are unmatched!",I'm curious about the Portable Speaker. What makes it stand out?,2024-06-11 13:00:29
"The Portable Speaker is designed to exceed your expectations, with crystal clear sound, long battery life as its highlight.","I'm looking for something with crystal clear sound, long battery life. Does the Portable Speaker meet that criteria?",2024-06-11 13:00:29
"You'll be amazed by the performance of our Portable Speaker, especially its crystal clear sound, long battery life.",Can you explain how the Portable Speaker performs in real-world scenarios?,2024-06-11 13:00:29
"The Tablet is designed to exceed your expectations, with large screen, fast processing power as its highlight.",Is the Tablet compatible with other devices I own?,2024-06-11 13:00:29
"The Tablet is a game-changer, especially with its large screen, fast processing power.",What's the price range for the Tablet with these features?,2024-06-11 13:00:29
"The Tablet is a game-changer, especially with its large screen, fast processing power.",How does the Tablet address common issues in its category?,2024-06-11 13:00:29
"With large screen, fast processing power, our Tablet outperforms the competition every time!","I'm looking for something with large screen, fast processing power. Does the Tablet meet that criteria?",2024-06-11 13:00:29
"The Tablet is designed to exceed your expectations, with large screen, fast processing power as its highlight.",Could you recommend accessories that complement the Tablet?,2024-06-11 13:00:29
"Enhance your lifestyle with our E-book Reader. Its e-ink display, lightweight design are unmatched!",How does the E-book Reader address common issues in its category?,2024-06-11 13:00:29
"You'll be amazed by the performance of our E-book Reader, especially its e-ink display, lightweight design.",What warranty options are available for the E-book Reader?,2024-06-11 13:00:29
"Experience the future with our E-book Reader, equipped with e-ink display, lightweight design.",I'm intrigued. Could you elaborate more on that?,2024-06-11 13:00:29
"Don't settle for less. Upgrade to our E-book Reader for e-ink display, lightweight design and more!",I'm intrigued. Could you elaborate more on that?,2024-06-11 13:00:29
"Experience the future with our E-book Reader, equipped with e-ink display, lightweight design.","I'm looking for something with e-ink display, lightweight design. Does the E-book Reader meet that criteria?",2024-06-11 13:00:29
"If you're looking for noise-cancellation, immersive sound experience, our Headphones is the perfect fit!",What warranty options are available for the Headphones?,2024-06-11 13:00:29
"Experience the future with our Headphones, equipped with noise-cancellation, immersive sound experience.",Interesting. What sets it apart from similar products in the market?,2024-06-11 13:00:29
"Don't settle for less. Upgrade to our Headphones for noise-cancellation, immersive sound experience and more!",Could you recommend accessories that complement the Headphones?,2024-06-11 13:00:29
"The Headphones is a game-changer, especially with its noise-cancellation, immersive sound experience.","I'm looking for something with noise-cancellation, immersive sound experience. Does the Headphones meet that criteria?",2024-06-11 13:00:29
"Enhance your lifestyle with our Headphones. Its noise-cancellation, immersive sound experience are unmatched!",How does the Headphones compare to other options available?,2024-06-11 13:00:29
"With e-ink display, lightweight design, our E-book Reader outperforms the competition every time!",Can you explain how the E-book Reader performs in real-world scenarios?,2024-06-11 13:00:29
"Choosing our E-book Reader means enjoying e-ink display, lightweight design and much more!",I'm curious about the E-book Reader. What makes it stand out?,2024-06-11 13:00:29
"With crystal clear sound, long battery life, our Portable Speaker outperforms the competition every time!",How does the Portable Speaker compare to other options available?,2024-06-11 13:00:29
"With crystal clear sound, long battery life, our Portable Speaker outperforms the competition every time!",What's the price range for the Portable Speaker with these features?,2024-06-11 13:00:29
"Choosing our Portable Speaker means enjoying crystal clear sound, long battery life and much more!",Are there any special offers or bundles available for the Portable Speaker?,2024-06-11 13:00:29
"With crystal clear sound, long battery life, our Portable Speaker outperforms the competition every time!",Could you recommend accessories that complement the Portable Speaker?,2024-06-11 13:00:29
"When it comes to Portable Speaker, nothing beats our combination of crystal clear sound, long battery life.",What warranty options are available for the Portable Speaker?,2024-06-11 13:00:29
"When it comes to Laptop, nothing beats our combination of lightweight design, high-performance processor.",Are there any special offers or bundles available for the Laptop?,2024-06-11 13:00:29
"Our Laptop is top-notch, offering lightweight design, high-performance processor. Customers love it!",Interesting. What sets it apart from similar products in the market?,2024-06-11 13:00:29
"Our Laptop is top-notch, offering lightweight design, high-performance processor. Customers love it!","Could you provide some insight into the lightweight design, high-performance processor of the Laptop?",2024-06-11 13:00:29
"The Laptop is a game-changer, especially with its lightweight design, high-performance processor.",Can you explain how the Laptop performs in real-world scenarios?,2024-06-11 13:00:29
"Enhance your lifestyle with our Laptop. Its lightweight design, high-performance processor are unmatched!","I'm looking for something with lightweight design, high-performance processor. Does the Laptop meet that criteria?",2024-06-11 13:00:29
"Enhance your lifestyle with our Portable Speaker. Its crystal clear sound, long battery life are unmatched!",I'm curious about the Portable Speaker. What makes it stand out?,2024-06-11 13:00:29
"With crystal clear sound, long battery life, our Portable Speaker outperforms the competition every time!","Could you provide some insight into the crystal clear sound, long battery life of the Portable Speaker?",2024-06-11 13:00:29
"When it comes to Smartwatch, nothing beats our combination of fitness tracking, water-resistant design.",Interesting. What sets it apart from similar products in the market?,2024-06-11 13:00:29
"The Smartwatch is designed to exceed your expectations, with fitness tracking, water-resistant design as its highlight.",What warranty options are available for the Smartwatch?,2024-06-11 13:00:29
"You'll be amazed by the performance of our Smartwatch, especially its fitness tracking, water-resistant design.","I'm looking for something with fitness tracking, water-resistant design. Does the Smartwatch meet that criteria?",2024-06-11 13:00:29
"When it comes to Smartwatch, nothing beats our combination of fitness tracking, water-resistant design.",Interesting. What sets it apart from similar products in the market?,2024-06-11 13:00:29
"If you're looking for noise-cancellation, immersive sound experience, our Headphones is the perfect fit!",How does the Headphones compare to other options available?,2024-06-11 13:00:29
"Don't settle for less. Upgrade to our Headphones for noise-cancellation, immersive sound experience and more!",Can you explain how the Headphones performs in real-world scenarios?,2024-06-11 13:00:29
"When it comes to Smartphone, nothing beats our combination of latest camera technology, long-lasting battery.",Can you explain how the Smartphone performs in real-world scenarios?,2024-06-11 13:00:29
"Our Smartphone is top-notch, offering latest camera technology, long-lasting battery. Customers love it!","Could you provide some insight into the latest camera technology, long-lasting battery of the Smartphone?",2024-06-11 13:00:29
"You'll be amazed by the performance of our Smartphone, especially its latest camera technology, long-lasting battery.",Could you recommend accessories that complement the Smartphone?,2024-06-11 13:00:29
"You'll be amazed by the performance of our Tablet, especially its large screen, fast processing power.",Could you recommend accessories that complement the Tablet?,2024-06-11 13:00:29
"When it comes to Tablet, nothing beats our combination of large screen, fast processing power.",How does the Tablet compare to other options available?,2024-06-11 13:00:29
"When it comes to Tablet, nothing beats our combination of large screen, fast processing power.",I'm curious about the Tablet. What makes it stand out?,2024-06-11 13:00:29
"Don't settle for less. Upgrade to our Tablet for large screen, fast processing power and more!",Could you recommend accessories that complement the Tablet?,2024-06-11 13:00:29
"With large screen, fast processing power, our Tablet outperforms the competition every time!",I'm intrigued. Could you elaborate more on that?,2024-06-11 13:00:29
"Our E-book Reader is top-notch, offering e-ink display, lightweight design. Customers love it!","Could you provide some insight into the e-ink display, lightweight design of the E-book Reader?",2024-06-11 13:00:29
"The E-book Reader is designed to exceed your expectations, with e-ink display, lightweight design as its highlight.",Could you recommend accessories that complement the E-book Reader?,2024-06-11 13:00:29
"The E-book Reader is a game-changer, especially with its e-ink display, lightweight design.",I'm curious about the E-book Reader. What makes it stand out?,2024-06-11 13:00:29
"Enhance your lifestyle with our E-book Reader. Its e-ink display, lightweight design are unmatched!",Interesting. What sets it apart from similar products in the market?,2024-06-11 13:00:29
"Choosing our E-book Reader means enjoying e-ink display, lightweight design and much more!","I'm looking for something with e-ink display, lightweight design. Does the E-book Reader meet that criteria?",2024-06-11 13:00:29
"With e-ink display, lightweight design, our E-book Reader outperforms the competition every time!",Interesting. What sets it apart from similar products in the market?,2024-06-11 13:00:29
"Choosing our E-book Reader means enjoying e-ink display, lightweight design and much more!",Is the E-book Reader compatible with other devices I own?,2024-06-11 13:00:29
"Experience the future with our E-book Reader, equipped with e-ink display, lightweight design.",Interesting. What sets it apart from similar products in the market?,2024-06-11 13:00:29
"The Smartwatch is designed to exceed your expectations, with fitness tracking, water-resistant design as its highlight.",Could you recommend accessories that complement the Smartwatch?,2024-06-11 13:00:29
"The Smartwatch is a game-changer, especially with its fitness tracking, water-resistant design.","I'm looking for something with fitness tracking, water-resistant design. Does the Smartwatch meet that criteria?",2024-06-11 13:00:29
"Don't settle for less. Upgrade to our Smartwatch for fitness tracking, water-resistant design and more!",Interesting. What sets it apart from similar products in the market?,2024-06-11 13:00:29
"You'll be amazed by the performance of our Laptop, especially its lightweight design, high-performance processor.",What warranty options are available for the Laptop?,2024-06-11 13:00:29
"Don't settle for less. Upgrade to our Laptop for lightweight design, high-performance processor and more!",How does the Laptop compare to other options available?,2024-06-11 13:00:29
"Enhance your lifestyle with our Fitness Tracker. Its activity monitoring, heart rate sensor are unmatched!",Is the Fitness Tracker compatible with other devices I own?,2024-06-11 13:00:29
"Our Fitness Tracker is top-notch, offering activity monitoring, heart rate sensor. Customers love it!","Could you provide some insight into the activity monitoring, heart rate sensor of the Fitness Tracker?",2024-06-11 13:00:29
"Experience the future with our Fitness Tracker, equipped with activity monitoring, heart rate sensor.","Could you provide some insight into the activity monitoring, heart rate sensor of the Fitness Tracker?",2024-06-11 13:00:29
"Experience the future with our Portable Speaker, equipped with crystal clear sound, long battery life.",Could you recommend accessories that complement the Portable Speaker?,2024-06-11 13:00:29
"If you're looking for crystal clear sound, long battery life, our Portable Speaker is the perfect fit!","Could you provide some insight into the crystal clear sound, long battery life of the Portable Speaker?",2024-06-11 13:00:29
"Don't settle for less. Upgrade to our Portable Speaker for crystal clear sound, long battery life and more!",What's the price range for the Portable Speaker with these features?,2024-06-11 13:00:29
"The Portable Speaker is a game-changer, especially with its crystal clear sound, long battery life.","Could you provide some insight into the crystal clear sound, long battery life of the Portable Speaker?",2024-06-11 13:00:29
"You'll be amazed by the performance of our Portable Speaker, especially its crystal clear sound, long battery life.",What's the price range for the Portable Speaker with these features?,2024-06-11 13:00:29
"Experience the future with our Portable Speaker, equipped with crystal clear sound, long battery life.",I'm intrigued. Could you elaborate more on that?,2024-06-11 13:00:29
"Enhance your lifestyle with our Portable Speaker. Its crystal clear sound, long battery life are unmatched!",Are there any special offers or bundles available for the Portable Speaker?,2024-06-11 13:00:29
"The Portable Speaker is a game-changer, especially with its crystal clear sound, long battery life.",Are there any special offers or bundles available for the Portable Speaker?,2024-06-11 13:00:29
"You'll be amazed by the performance of our Portable Speaker, especially its crystal clear sound, long battery life.",Are there any special offers or bundles available for the Portable Speaker?,2024-06-11 13:00:29
"Enhance your lifestyle with our Gaming Console. Its high-definition graphics, multiplayer capabilities are unmatched!","Could you provide some insight into the high-definition graphics, multiplayer capabilities of the Gaming Console?",2024-06-11 13:00:29
"Enhance your lifestyle with our Gaming Console. Its high-definition graphics, multiplayer capabilities are unmatched!",How does the Gaming Console address common issues in its category?,2024-06-11 13:00:29
"Our Gaming Console is top-notch, offering high-definition graphics, multiplayer capabilities. Customers love it!",How does the Gaming Console compare to other options available?,2024-06-11 13:00:29
"You'll be amazed by the performance of our Gaming Console, especially its high-definition graphics, multiplayer capabilities.",Can you explain how the Gaming Console performs in real-world scenarios?,2024-06-11 13:00:29
"Don't settle for less. Upgrade to our Gaming Console for high-definition graphics, multiplayer capabilities and more!",I'm curious about the Gaming Console. What makes it stand out?,2024-06-11 13:00:29
"Our Headphones is top-notch, offering noise-cancellation, immersive sound experience. Customers love it!",What's the price range for the Headphones with these features?,2024-06-11 13:00:29
"Don't settle for less. Upgrade to our Headphones for noise-cancellation, immersive sound experience and more!",Are there any special offers or bundles available for the Headphones?,2024-06-11 13:00:29
"The Headphones is a game-changer, especially with its noise-cancellation, immersive sound experience.",Are there any special offers or bundles available for the Headphones?,2024-06-11 13:00:29
"You'll be amazed by the performance of our Fitness Tracker, especially its activity monitoring, heart rate sensor.",Interesting. What sets it apart from similar products in the market?,2024-06-11 13:00:29
"When it comes to Fitness Tracker, nothing beats our combination of activity monitoring, heart rate sensor.",Are there any special offers or bundles available for the Fitness Tracker?,2024-06-11 13:00:29
"The Fitness Tracker is designed to exceed your expectations, with activity monitoring, heart rate sensor as its highlight.","Could you provide some insight into the activity monitoring, heart rate sensor of the Fitness Tracker?",2024-06-11 13:00:29
"Our Gaming Console is top-notch, offering high-definition graphics, multiplayer capabilities. Customers love it!",I'm intrigued. Could you elaborate more on that?,2024-06-11 13:00:29
"The Gaming Console is a game-changer, especially with its high-definition graphics, multiplayer capabilities.",Is the Gaming Console compatible with other devices I own?,2024-06-11 13:00:29
"You'll be amazed by the performance of our Gaming Console, especially its high-definition graphics, multiplayer capabilities.",How does the Gaming Console compare to other options available?,2024-06-11 13:00:29
"The Gaming Console is a game-changer, especially with its high-definition graphics, multiplayer capabilities.",I'm curious about the Gaming Console. What makes it stand out?,2024-06-11 13:00:29
"Our Laptop is top-notch, offering lightweight design, high-performance processor. Customers love it!",Interesting. What sets it apart from similar products in the market?,2024-06-11 13:00:29
"Enhance your lifestyle with our Laptop. Its lightweight design, high-performance processor are unmatched!",What's the price range for the Laptop with these features?,2024-06-11 13:00:29
"With lightweight design, high-performance processor, our Laptop outperforms the competition every time!",Is the Laptop compatible with other devices I own?,2024-06-11 13:00:29
"Choosing our Headphones means enjoying noise-cancellation, immersive sound experience and much more!",What warranty options are available for the Headphones?,2024-06-11 13:00:29
"Don't settle for less. Upgrade to our Headphones for noise-cancellation, immersive sound experience and more!",Is the Headphones compatible with other devices I own?,2024-06-11 13:00:29
"When it comes to Headphones, nothing beats our combination of noise-cancellation, immersive sound experience.","I'm looking for something with noise-cancellation, immersive sound experience. Does the Headphones meet that criteria?",2024-06-11 13:00:29
"The Headphones is a game-changer, especially with its noise-cancellation, immersive sound experience.",Are there any special offers or bundles available for the Headphones?,2024-06-11 13:00:29
"The Headphones is a game-changer, especially with its noise-cancellation, immersive sound experience.","I'm looking for something with noise-cancellation, immersive sound experience. Does the Headphones meet that criteria?",2024-06-11 13:00:29
"When it comes to Digital Camera, nothing beats our combination of high megapixel count, image stabilization.",Is the Digital Camera compatible with other devices I own?,2024-06-11 13:00:29
"Don't settle for less. Upgrade to our Digital Camera for high megapixel count, image stabilization and more!",I'm intrigued. Could you elaborate more on that?,2024-06-11 13:00:29
"With high megapixel count, image stabilization, our Digital Camera outperforms the competition every time!",How does the Digital Camera address common issues in its category?,2024-06-11 13:00:29
"The Digital Camera is a game-changer, especially with its high megapixel count, image stabilization.",What's the price range for the Digital Camera with these features?,2024-06-11 13:00:29
"Choosing our Smartwatch means enjoying fitness tracking, water-resistant design and much more!",Could you recommend accessories that complement the Smartwatch?,2024-06-11 13:00:29
"You'll be amazed by the performance of our Smartwatch, especially its fitness tracking, water-resistant design.",How does the Smartwatch address common issues in its category?,2024-06-11 13:00:29
"With latest camera technology, long-lasting battery, our Smartphone outperforms the competition every time!",How does the Smartphone compare to other options available?,2024-06-11 13:00:29
"If you're looking for latest camera technology, long-lasting battery, our Smartphone is the perfect fit!",I'm intrigued. Could you elaborate more on that?,2024-06-11 13:00:29
"Enhance your lifestyle with our Gaming Console. Its high-definition graphics, multiplayer capabilities are unmatched!",Is the Gaming Console compatible with other devices I own?,2024-06-11 13:00:29
"You'll be amazed by the performance of our Gaming Console, especially its high-definition graphics, multiplayer capabilities.",Are there any special offers or bundles available for the Gaming Console?,2024-06-11 13:00:29
"With high-definition graphics, multiplayer capabilities, our Gaming Console outperforms the competition every time!",How does the Gaming Console address common issues in its category?,2024-06-11 13:00:29
"With crystal clear sound, long battery life, our Portable Speaker outperforms the competition every time!",What's the price range for the Portable Speaker with these features?,2024-06-11 13:00:29
"Don't settle for less. Upgrade to our Portable Speaker for crystal clear sound, long battery life and more!",What's the price range for the Portable Speaker with these features?,2024-06-11 13:00:29
"Experience the future with our Fitness Tracker, equipped with activity monitoring, heart rate sensor.",What warranty options are available for the Fitness Tracker?,2024-06-11 13:00:29
"When it comes to Fitness Tracker, nothing beats our combination of activity monitoring, heart rate sensor.",Could you recommend accessories that complement the Fitness Tracker?,2024-06-11 13:00:29
"The Fitness Tracker is a game-changer, especially with its activity monitoring, heart rate sensor.",Can you explain how the Fitness Tracker performs in real-world scenarios?,2024-06-11 13:00:29
"Enhance your lifestyle with our Fitness Tracker. Its activity monitoring, heart rate sensor are unmatched!","Could you provide some insight into the activity monitoring, heart rate sensor of the Fitness Tracker?",2024-06-11 13:00:29
"Experience the future with our Smartwatch, equipped with fitness tracking, water-resistant design.",Interesting. What sets it apart from similar products in the market?,2024-06-11 13:00:29
"Don't settle for less. Upgrade to our Smartwatch for fitness tracking, water-resistant design and more!",How does the Smartwatch address common issues in its category?,2024-06-11 13:00:29
"Experience the future with our Smartwatch, equipped with fitness tracking, water-resistant design.","I'm looking for something with fitness tracking, water-resistant design. Does the Smartwatch meet that criteria?",2024-06-11 13:00:29
"Our Smartwatch is top-notch, offering fitness tracking, water-resistant design. Customers love it!","Could you provide some insight into the fitness tracking, water-resistant design of the Smartwatch?",2024-06-11 13:00:29
"If you're looking for fitness tracking, water-resistant design, our Smartwatch is the perfect fit!",How does the Smartwatch compare to other options available?,2024-06-11 13:00:29
"Experience the future with our Fitness Tracker, equipped with activity monitoring, heart rate sensor.",Is the Fitness Tracker compatible with other devices I own?,2024-06-11 13:00:29
"Don't settle for less. Upgrade to our Fitness Tracker for activity monitoring, heart rate sensor and more!",How does the Fitness Tracker compare to other options available?,2024-06-11 13:00:29
"Experience the future with our Fitness Tracker, equipped with activity monitoring, heart rate sensor.",Could you recommend accessories that complement the Fitness Tracker?,2024-06-11 13:00:29
"Enhance your lifestyle with our Fitness Tracker. Its activity monitoring, heart rate sensor are unmatched!",Are there any special offers or bundles available for the Fitness Tracker?,2024-06-11 13:00:29
"The Tablet is a game-changer, especially with its large screen, fast processing power.",Could you recommend accessories that complement the Tablet?,2024-06-11 13:00:29
"Enhance your lifestyle with our Tablet. Its large screen, fast processing power are unmatched!",Are there any special offers or bundles available for the Tablet?,2024-06-11 13:00:29
"The Tablet is designed to exceed your expectations, with large screen, fast processing power as its highlight.","Could you provide some insight into the large screen, fast processing power of the Tablet?",2024-06-11 13:00:29
"Choosing our Tablet means enjoying large screen, fast processing power and much more!",What's the price range for the Tablet with these features?,2024-06-11 13:00:29
"Choosing our Tablet means enjoying large screen, fast processing power and much more!",What's the price range for the Tablet with these features?,2024-06-11 13:00:29
"The Smartphone is a game-changer, especially with its latest camera technology, long-lasting battery.",Can you explain how the Smartphone performs in real-world scenarios?,2024-06-11 13:00:29
"Don't settle for less. Upgrade to our Smartphone for latest camera technology, long-lasting battery and more!",Can you explain how the Smartphone performs in real-world scenarios?,2024-06-11 13:00:29
"With high-definition graphics, multiplayer capabilities, our Gaming Console outperforms the competition every time!",Is the Gaming Console compatible with other devices I own?,2024-06-11 13:00:29
"With high-definition graphics, multiplayer capabilities, our Gaming Console outperforms the competition every time!",How does the Gaming Console address common issues in its category?,2024-06-11 13:00:29
"Choosing our Gaming Console means enjoying high-definition graphics, multiplayer capabilities and much more!",What warranty options are available for the Gaming Console?,2024-06-11 13:00:29
"With crystal clear sound, long battery life, our Portable Speaker outperforms the competition every time!",What warranty options are available for the Portable Speaker?,2024-06-11 13:00:29
"Choosing our Portable Speaker means enjoying crystal clear sound, long battery life and much more!",How does the Portable Speaker address common issues in its category?,2024-06-11 13:00:29
"The Portable Speaker is designed to exceed your expectations, with crystal clear sound, long battery life as its highlight.",How does the Portable Speaker compare to other options available?,2024-06-11 13:00:29
"You'll be amazed by the performance of our Portable Speaker, especially its crystal clear sound, long battery life.",Can you explain how the Portable Speaker performs in real-world scenarios?,2024-06-11 13:00:29
"You'll be amazed by the performance of our Portable Speaker, especially its crystal clear sound, long battery life.","Could you provide some insight into the crystal clear sound, long battery life of the Portable Speaker?",2024-06-11 13:00:29
"If you're looking for noise-cancellation, immersive sound experience, our Headphones is the perfect fit!",Can you explain how the Headphones performs in real-world scenarios?,2024-06-11 13:00:29
"Experience the future with our Headphones, equipped with noise-cancellation, immersive sound experience.",I'm curious about the Headphones. What makes it stand out?,2024-06-11 13:00:29
"Choosing our Headphones means enjoying noise-cancellation, immersive sound experience and much more!",What's the price range for the Headphones with these features?,2024-06-11 13:00:29
"The Headphones is designed to exceed your expectations, with noise-cancellation, immersive sound experience as its highlight.",Is the Headphones compatible with other devices I own?,2024-06-11 13:00:29
"You'll be amazed by the performance of our Headphones, especially its noise-cancellation, immersive sound experience.",What warranty options are available for the Headphones?,2024-06-11 13:00:29
"The E-book Reader is a game-changer, especially with its e-ink display, lightweight design.",Are there any special offers or bundles available for the E-book Reader?,2024-06-11 13:00:29
"The E-book Reader is a game-changer, especially with its e-ink display, lightweight design.",I'm intrigued. Could you elaborate more on that?,2024-06-11 13:00:29
"Our Gaming Console is top-notch, offering high-definition graphics, multiplayer capabilities. Customers love it!",What warranty options are available for the Gaming Console?,2024-06-11 13:00:29
"Experience the future with our Gaming Console, equipped with high-definition graphics, multiplayer capabilities.",Interesting. What sets it apart from similar products in the market?,2024-06-11 13:00:29
"Don't settle for less. Upgrade to our Smartwatch for fitness tracking, water-resistant design and more!",What's the price range for the Smartwatch with these features?,2024-06-11 13:00:29
"The Smartwatch is a game-changer, especially with its fitness tracking, water-resistant design.",How does the Smartwatch compare to other options available?,2024-06-11 13:00:29
"Enhance your lifestyle with our Smartwatch. Its fitness tracking, water-resistant design are unmatched!",What warranty options are available for the Smartwatch?,2024-06-11 13:00:29
"The Tablet is a game-changer, especially with its large screen, fast processing power.",How does the Tablet compare to other options available?,2024-06-11 13:00:29
"Experience the future with our Tablet, equipped with large screen, fast processing power.",Is the Tablet compatible with other devices I own?,2024-06-11 13:00:29
"With large screen, fast processing power, our Tablet outperforms the competition every time!",I'm curious about the Tablet. What makes it stand out?,2024-06-11 13:00:29
"You'll be amazed by the performance of our Tablet, especially its large screen, fast processing power.",What's the price range for the Tablet with these features?,2024-06-11 13:00:29
"Our Smartwatch is top-notch, offering fitness tracking, water-resistant design. Customers love it!",I'm intrigued. Could you elaborate more on that?,2024-06-11 13:00:29
"Choosing our Smartwatch means enjoying fitness tracking, water-resistant design and much more!",I'm curious about the Smartwatch. What makes it stand out?,2024-06-11 13:00:29
"With fitness tracking, water-resistant design, our Smartwatch outperforms the competition every time!",How does the Smartwatch address common issues in its category?,2024-06-11 13:00:29
"You'll be amazed by the performance of our Smartwatch, especially its fitness tracking, water-resistant design.",What warranty options are available for the Smartwatch?,2024-06-11 13:00:29
"Don't settle for less. Upgrade to our Smartphone for latest camera technology, long-lasting battery and more!",Could you recommend accessories that complement the Smartphone?,2024-06-11 13:00:29
"The Smartphone is a game-changer, especially with its latest camera technology, long-lasting battery.","I'm looking for something with latest camera technology, long-lasting battery. Does the Smartphone meet that criteria?",2024-06-11 13:00:29
"Enhance your lifestyle with our Smartphone. Its latest camera technology, long-lasting battery are unmatched!",I'm curious about the Smartphone. What makes it stand out?,2024-06-11 13:00:29
"With latest camera technology, long-lasting battery, our Smartphone outperforms the competition every time!",Could you recommend accessories that complement the Smartphone?,2024-06-11 13:00:29
"Enhance your lifestyle with our Smartphone. Its latest camera technology, long-lasting battery are unmatched!",I'm curious about the Smartphone. What makes it stand out?,2024-06-11 13:00:29
"With lightweight design, high-performance processor, our Laptop outperforms the competition every time!",Is the Laptop compatible with other devices I own?,2024-06-11 13:00:29
"Choosing our Laptop means enjoying lightweight design, high-performance processor and much more!",What warranty options are available for the Laptop?,2024-06-11 13:00:29
"Don't settle for less. Upgrade to our Laptop for lightweight design, high-performance processor and more!",What's the price range for the Laptop with these features?,2024-06-11 13:00:29
"You'll be amazed by the performance of our Laptop, especially its lightweight design, high-performance processor.",What's the price range for the Laptop with these features?,2024-06-11 13:00:29
"When it comes to Laptop, nothing beats our combination of lightweight design, high-performance processor.",What warranty options are available for the Laptop?,2024-06-11 13:00:29
"The Laptop is designed to exceed your expectations, with lightweight design, high-performance processor as its highlight.",Interesting. What sets it apart from similar products in the market?,2024-06-11 13:00:29
"Enhance your lifestyle with our Laptop. Its lightweight design, high-performance processor are unmatched!",What's the price range for the Laptop with these features?,2024-06-11 13:00:29
"Choosing our Laptop means enjoying lightweight design, high-performance processor and much more!",How does the Laptop compare to other options available?,2024-06-11 13:00:29
"Our Laptop is top-notch, offering lightweight design, high-performance processor. Customers love it!",What warranty options are available for the Laptop?,2024-06-11 13:00:29
"If you're looking for lightweight design, high-performance processor, our Laptop is the perfect fit!",How does the Laptop compare to other options available?,2024-06-11 13:00:29
"You'll be amazed by the performance of our Headphones, especially its noise-cancellation, immersive sound experience.","I'm looking for something with noise-cancellation, immersive sound experience. Does the Headphones meet that criteria?",2024-06-11 13:00:29
"With noise-cancellation, immersive sound experience, our Headphones outperforms the competition every time!",I'm intrigued. Could you elaborate more on that?,2024-06-11 13:00:29
"The Headphones is a game-changer, especially with its noise-cancellation, immersive sound experience.",Interesting. What sets it apart from similar products in the market?,2024-06-11 13:00:29
"Enhance your lifestyle with our Headphones. Its noise-cancellation, immersive sound experience are unmatched!","I'm looking for something with noise-cancellation, immersive sound experience. Does the Headphones meet that criteria?",2024-06-11 13:00:29
"The E-book Reader is designed to exceed your expectations, with e-ink display, lightweight design as its highlight.","Could you provide some insight into the e-ink display, lightweight design of the E-book Reader?",2024-06-11 13:00:29
"With e-ink display, lightweight design, our E-book Reader outperforms the competition every time!",I'm curious about the E-book Reader. What makes it stand out?,2024-06-11 13:00:29
"Our E-book Reader is top-notch, offering e-ink display, lightweight design. Customers love it!",What warranty options are available for the E-book Reader?,2024-06-11 13:00:29
"Our Digital Camera is top-notch, offering high megapixel count, image stabilization. Customers love it!",Can you explain how the Digital Camera performs in real-world scenarios?,2024-06-11 13:00:29
"Our Digital Camera is top-notch, offering high megapixel count, image stabilization. Customers love it!",What's the price range for the Digital Camera with these features?,2024-06-11 13:00:29
"Experience the future with our Digital Camera, equipped with high megapixel count, image stabilization.",I'm intrigued. Could you elaborate more on that?,2024-06-11 13:00:29
"The Tablet is designed to exceed your expectations, with large screen, fast processing power as its highlight.",How does the Tablet compare to other options available?,2024-06-11 13:00:29
"Enhance your lifestyle with our Tablet. Its large screen, fast processing power are unmatched!",I'm curious about the Tablet. What makes it stand out?,2024-06-11 13:00:29
"You'll be amazed by the performance of our Tablet, especially its large screen, fast processing power.","Could you provide some insight into the large screen, fast processing power of the Tablet?",2024-06-11 13:00:29
"You'll be amazed by the performance of our Tablet, especially its large screen, fast processing power.","I'm looking for something with large screen, fast processing power. Does the Tablet meet that criteria?",2024-06-11 13:00:29
"Choosing our Fitness Tracker means enjoying activity monitoring, heart rate sensor and much more!",What warranty options are available for the Fitness Tracker?,2024-06-11 13:00:29
"Experience the future with our Fitness Tracker, equipped with activity monitoring, heart rate sensor.",Is the Fitness Tracker compatible with other devices I own?,2024-06-11 13:00:29
"You'll be amazed by the performance of our Fitness Tracker, especially its activity monitoring, heart rate sensor.",Can you explain how the Fitness Tracker performs in real-world scenarios?,2024-06-11 13:00:29
"With activity monitoring, heart rate sensor, our Fitness Tracker outperforms the competition every time!",What warranty options are available for the Fitness Tracker?,2024-06-11 13:00:29
"Our Fitness Tracker is top-notch, offering activity monitoring, heart rate sensor. Customers love it!",Are there any special offers or bundles available for the Fitness Tracker?,2024-06-11 13:00:29
"If you're looking for activity monitoring, heart rate sensor, our Fitness Tracker is the perfect fit!","I'm looking for something with activity monitoring, heart rate sensor. Does the Fitness Tracker meet that criteria?",2024-06-11 13:00:29
"Experience the future with our Fitness Tracker, equipped with activity monitoring, heart rate sensor.",I'm curious about the Fitness Tracker. What makes it stand out?,2024-06-11 13:00:29
"Experience the future with our Fitness Tracker, equipped with activity monitoring, heart rate sensor.",How does the Fitness Tracker compare to other options available?,2024-06-11 13:00:29
"With activity monitoring, heart rate sensor, our Fitness Tracker outperforms the competition every time!",Can you explain how the Fitness Tracker performs in real-world scenarios?,2024-06-11 13:00:29
"You'll be amazed by the performance of our Laptop, especially its lightweight design, high-performance processor.",Could you recommend accessories that complement the Laptop?,2024-06-11 13:00:29
"If you're looking for lightweight design, high-performance processor, our Laptop is the perfect fit!",How does the Laptop compare to other options available?,2024-06-11 13:00:29
"Our Smartwatch is top-notch, offering fitness tracking, water-resistant design. Customers love it!",Are there any special offers or bundles available for the Smartwatch?,2024-06-11 13:00:29
"When it comes to Smartwatch, nothing beats our combination of fitness tracking, water-resistant design.",How does the Smartwatch compare to other options available?,2024-06-11 13:00:29
"You'll be amazed by the performance of our Smartwatch, especially its fitness tracking, water-resistant design.",What warranty options are available for the Smartwatch?,2024-06-11 13:00:29
"Experience the future with our Smartwatch, equipped with fitness tracking, water-resistant design.",How does the Smartwatch address common issues in its category?,2024-06-11 13:00:29
"The Gaming Console is a game-changer, especially with its high-definition graphics, multiplayer capabilities.",What warranty options are available for the Gaming Console?,2024-06-11 13:00:29
"If you're looking for high-definition graphics, multiplayer capabilities, our Gaming Console is the perfect fit!",Interesting. What sets it apart from similar products in the market?,2024-06-11 13:00:29
"If you're looking for high-definition graphics, multiplayer capabilities, our Gaming Console is the perfect fit!",Interesting. What sets it apart from similar products in the market?,2024-06-11 13:00:29
"Don't settle for less. Upgrade to our Fitness Tracker for activity monitoring, heart rate sensor and more!",Can you explain how the Fitness Tracker performs in real-world scenarios?,2024-06-11 13:00:29
"Experience the future with our Fitness Tracker, equipped with activity monitoring, heart rate sensor.",Are there any special offers or bundles available for the Fitness Tracker?,2024-06-11 13:00:29
"Don't settle for less. Upgrade to our Laptop for lightweight design, high-performance processor and more!",Can you explain how the Laptop performs in real-world scenarios?,2024-06-11 13:00:29
"Don't settle for less. Upgrade to our Laptop for lightweight design, high-performance processor and more!",What's the price range for the Laptop with these features?,2024-06-11 13:00:29
"You'll be amazed by the performance of our Laptop, especially its lightweight design, high-performance processor.","I'm looking for something with lightweight design, high-performance processor. Does the Laptop meet that criteria?",2024-06-11 13:00:29
"With lightweight design, high-performance processor, our Laptop outperforms the competition every time!",Can you explain how the Laptop performs in real-world scenarios?,2024-06-11 13:00:29
"Enhance your lifestyle with our Fitness Tracker. Its activity monitoring, heart rate sensor are unmatched!",Could you recommend accessories that complement the Fitness Tracker?,2024-06-11 13:00:29
"The Fitness Tracker is a game-changer, especially with its activity monitoring, heart rate sensor.",Are there any special offers or bundles available for the Fitness Tracker?,2024-06-11 13:00:29
"Our Fitness Tracker is top-notch, offering activity monitoring, heart rate sensor. Customers love it!",How does the Fitness Tracker address common issues in its category?,2024-06-11 13:00:29
"When it comes to Fitness Tracker, nothing beats our combination of activity monitoring, heart rate sensor.",What warranty options are available for the Fitness Tracker?,2024-06-11 13:00:29
"The Smartwatch is designed to exceed your expectations, with fitness tracking, water-resistant design as its highlight.",How does the Smartwatch compare to other options available?,2024-06-11 13:00:29
"With fitness tracking, water-resistant design, our Smartwatch outperforms the competition every time!",Are there any special offers or bundles available for the Smartwatch?,2024-06-11 13:00:29
"Choosing our Gaming Console means enjoying high-definition graphics, multiplayer capabilities and much more!",Could you recommend accessories that complement the Gaming Console?,2024-06-11 13:00:29
"Enhance your lifestyle with our Gaming Console. Its high-definition graphics, multiplayer capabilities are unmatched!",I'm curious about the Gaming Console. What makes it stand out?,2024-06-11 13:00:29
"When it comes to Gaming Console, nothing beats our combination of high-definition graphics, multiplayer capabilities.",What warranty options are available for the Gaming Console?,2024-06-11 13:00:29
"Choosing our Gaming Console means enjoying high-definition graphics, multiplayer capabilities and much more!",Interesting. What sets it apart from similar products in the market?,2024-06-11 13:00:29
"The Gaming Console is designed to exceed your expectations, with high-definition graphics, multiplayer capabilities as its highlight.",I'm curious about the Gaming Console. What makes it stand out?,2024-06-11 13:00:29
"Choosing our Laptop means enjoying lightweight design, high-performance processor and much more!",Are there any special offers or bundles available for the Laptop?,2024-06-11 13:00:29
"With lightweight design, high-performance processor, our Laptop outperforms the competition every time!",Interesting. What sets it apart from similar products in the market?,2024-06-11 13:00:29
"When it comes to Laptop, nothing beats our combination of lightweight design, high-performance processor.",I'm curious about the Laptop. What makes it stand out?,2024-06-11 13:00:29
"The Tablet is designed to exceed your expectations, with large screen, fast processing power as its highlight.",How does the Tablet address common issues in its category?,2024-06-11 13:00:29
"You'll be amazed by the performance of our Tablet, especially its large screen, fast processing power.","I'm looking for something with large screen, fast processing power. Does the Tablet meet that criteria?",2024-06-11 13:00:29
"If you're looking for large screen, fast processing power, our Tablet is the perfect fit!",I'm intrigued. Could you elaborate more on that?,2024-06-11 13:00:29
"You'll be amazed by the performance of our Fitness Tracker, especially its activity monitoring, heart rate sensor.",I'm curious about the Fitness Tracker. What makes it stand out?,2024-06-11 13:00:29
"If you're looking for activity monitoring, heart rate sensor, our Fitness Tracker is the perfect fit!",Could you recommend accessories that complement the Fitness Tracker?,2024-06-11 13:00:29
"Don't settle for less. Upgrade to our Fitness Tracker for activity monitoring, heart rate sensor and more!",Are there any special offers or bundles available for the Fitness Tracker?,2024-06-11 13:00:29
"The Fitness Tracker is designed to exceed your expectations, with activity monitoring, heart rate sensor as its highlight.",What warranty options are available for the Fitness Tracker?,2024-06-11 13:00:29
"Enhance your lifestyle with our Fitness Tracker. Its activity monitoring, heart rate sensor are unmatched!",Could you recommend accessories that complement the Fitness Tracker?,2024-06-11 13:00:29
"Experience the future with our Tablet, equipped with large screen, fast processing power.",How does the Tablet compare to other options available?,2024-06-11 13:00:29
"Choosing our Tablet means enjoying large screen, fast processing power and much more!",Could you recommend accessories that complement the Tablet?,2024-06-11 13:00:29
"If you're looking for large screen, fast processing power, our Tablet is the perfect fit!",Could you recommend accessories that complement the Tablet?,2024-06-11 13:00:29
"You'll be amazed by the performance of our Tablet, especially its large screen, fast processing power.",What warranty options are available for the Tablet?,2024-06-11 13:00:29
"The Smartphone is a game-changer, especially with its latest camera technology, long-lasting battery.",Is the Smartphone compatible with other devices I own?,2024-06-11 13:00:29
"Enhance your lifestyle with our Smartphone. Its latest camera technology, long-lasting battery are unmatched!","Could you provide some insight into the latest camera technology, long-lasting battery of the Smartphone?",2024-06-11 13:00:29
"With latest camera technology, long-lasting battery, our Smartphone outperforms the competition every time!",Is the Smartphone compatible with other devices I own?,2024-06-11 13:00:29
"Don't settle for less. Upgrade to our Smartphone for latest camera technology, long-lasting battery and more!",How does the Smartphone compare to other options available?,2024-06-11 13:00:29
"If you're looking for latest camera technology, long-lasting battery, our Smartphone is the perfect fit!",I'm curious about the Smartphone. What makes it stand out?,2024-06-11 13:00:29
